{"cameraMode":{"drawMode":0,"name":"Shaded","section":"Shading Mode"},"sceneLighting":false,"audioPlay":false,"sceneViewState":{"m_AlwaysRefresh":false,"showFog":true,"showSkybox":false,"showFlares":true,"showImageEffects":true,"showParticleSystems":true,"showVisualEffectGraphs":true,"m_FxEnabled":true},"in2DMode":false,"pivot":{"x":6.850000381469727,"y":1.2809245586395264,"z":0.11600002646446228},"rotation":{"x":-0.020956365391612054,"y":0.9795909523963928,"z":-0.1242443323135376,"w":-0.15821537375450135},"size":0.07656314969062805,"orthographic":false}