{"cameraMode":{"drawMode":0,"name":"Shaded","section":"Shading Mode"},"sceneLighting":false,"audioPlay":false,"sceneViewState":{"m_AlwaysRefresh":true,"showFog":true,"showSkybox":false,"showFlares":true,"showImageEffects":true,"showParticleSystems":true,"showVisualEffectGraphs":true,"m_FxEnabled":true},"in2DMode":false,"pivot":{"x":5.815291881561279,"y":0.19016414880752564,"z":3.372006416320801},"rotation":{"x":-0.028733305633068086,"y":0.0683492049574852,"z":0.0019452142296358944,"w":0.9972977042198181},"size":0.37605127692222597,"orthographic":false}