{"cameraMode":{"drawMode":0,"name":"Shaded","section":"Shading Mode"},"sceneLighting":false,"audioPlay":false,"sceneViewState":{"m_AlwaysRefresh":false,"showFog":true,"showSkybox":false,"showFlares":true,"showImageEffects":true,"showParticleSystems":true,"showVisualEffectGraphs":true,"m_FxEnabled":true},"in2DMode":false,"pivot":{"x":2.979078769683838,"y":-0.28040575981140139,"z":4.177351474761963},"rotation":{"x":-0.14794155955314637,"y":0.25144723057746889,"z":-0.037990354001522067,"w":-0.9560088515281677},"size":3.236499547958374,"orthographic":false}