{"cameraMode":{"drawMode":0,"name":"Shaded","section":"Shading Mode"},"sceneLighting":false,"audioPlay":false,"sceneViewState":{"m_AlwaysRefresh":false,"showFog":false,"showSkybox":false,"showFlares":false,"showImageEffects":false,"showParticleSystems":false,"showVisualEffectGraphs":true,"m_FxEnabled":true},"in2DMode":false,"pivot":{"x":0.08938917517662049,"y":1.1459496021270753,"z":-0.4542303681373596},"rotation":{"x":-0.014528931118547917,"y":0.9748302102088928,"z":0.066775843501091,"w":0.21233965456485749},"size":1.6004409790039063,"orthographic":false}