{"cameraMode":{"drawMode":0,"name":"Shaded","section":"Shading Mode"},"sceneLighting":false,"audioPlay":false,"sceneViewState":{"m_AlwaysRefresh":false,"showFog":true,"showSkybox":false,"showFlares":true,"showImageEffects":true,"showParticleSystems":true,"showVisualEffectGraphs":true,"m_FxEnabled":true},"in2DMode":false,"pivot":{"x":5.79664421081543,"y":0.17991498112678529,"z":3.4065561294555666},"rotation":{"x":0.12486178427934647,"y":-0.8705379962921143,"z":0.28511545062065127,"w":0.38127991557121279},"size":0.567980170249939,"orthographic":false}