{"cameraMode":{"drawMode":0,"name":"Shaded","section":"Shading Mode"},"sceneLighting":false,"audioPlay":false,"sceneViewState":{"m_AlwaysRefresh":true,"showFog":true,"showSkybox":false,"showFlares":true,"showImageEffects":true,"showParticleSystems":true,"showVisualEffectGraphs":true,"m_FxEnabled":true},"in2DMode":false,"pivot":{"x":10.33219051361084,"y":1.6968754529953004,"z":23.256132125854493},"rotation":{"x":0.08457641303539276,"y":-0.8045005202293396,"z":0.11812981963157654,"w":0.5759521722793579},"size":0.014171600341796875,"orthographic":false}