{"cameraMode":{"drawMode":0,"name":"Shaded","section":"Shading Mode"},"sceneLighting":false,"audioPlay":false,"sceneViewState":{"m_AlwaysRefresh":true,"showFog":true,"showSkybox":true,"showFlares":true,"showImageEffects":true,"showParticleSystems":true,"showVisualEffectGraphs":true,"m_FxEnabled":true},"in2DMode":false,"pivot":{"x":9.720901489257813,"y":1.6571605205535889,"z":8.972672462463379},"rotation":{"x":0.12181203067302704,"y":0.09664387255907059,"z":-0.011927803047001362,"w":0.9878014326095581},"size":1.3288493156433106,"orthographic":false}