{"cameraMode":{"drawMode":0,"name":"Shaded","section":"Shading Mode"},"sceneLighting":false,"audioPlay":false,"sceneViewState":{"m_AlwaysRefresh":false,"showFog":true,"showSkybox":true,"showFlares":true,"showImageEffects":true,"showParticleSystems":true,"showVisualEffectGraphs":true,"m_FxEnabled":true},"in2DMode":false,"pivot":{"x":11.627056121826172,"y":0.3743113875389099,"z":-5.998112201690674},"rotation":{"x":0.038040898740291598,"y":0.7994639873504639,"z":-0.05091298371553421,"w":0.597346305847168},"size":3.3938186168670656,"orthographic":false}