{"cameraMode":{"drawMode":0,"name":"Shaded","section":"Shading Mode"},"sceneLighting":false,"audioPlay":false,"sceneViewState":{"m_AlwaysRefresh":false,"showFog":true,"showSkybox":true,"showFlares":true,"showImageEffects":true,"showParticleSystems":true,"showVisualEffectGraphs":true,"m_FxEnabled":true},"in2DMode":false,"pivot":{"x":4.6270246505737309,"y":2.3777034282684328,"z":0.3464767634868622},"rotation":{"x":0.11679219454526901,"y":0.39218929409980776,"z":-0.05027567222714424,"w":0.9110572338104248},"size":2.7691869735717775,"orthographic":false}