{"cameraMode":{"drawMode":0,"name":"Shaded","section":"Shading Mode"},"sceneLighting":false,"audioPlay":false,"sceneViewState":{"m_AlwaysRefresh":false,"showFog":true,"showSkybox":true,"showFlares":true,"showImageEffects":true,"showParticleSystems":true,"showVisualEffectGraphs":true,"m_FxEnabled":true},"in2DMode":false,"pivot":{"x":4.041012763977051,"y":-0.36193370819091799,"z":-0.4330737590789795},"rotation":{"x":0.14820365607738496,"y":-0.8407741189002991,"z":0.2865869104862213,"w":0.43485260009765627},"size":15.167793273925782,"orthographic":false}