{"cameraMode":{"drawMode":0,"name":"Shaded","section":"Shading Mode"},"sceneLighting":true,"audioPlay":false,"sceneViewState":{"m_AlwaysRefresh":false,"showFog":true,"showSkybox":true,"showFlares":true,"showImageEffects":true,"showParticleSystems":true,"showVisualEffectGraphs":true,"m_FxEnabled":true},"in2DMode":false,"pivot":{"x":15.265082359313965,"y":6.5442657470703129,"z":-1.3631901741027833},"rotation":{"x":-0.044206976890563968,"y":-0.5535500645637512,"z":0.029936296865344049,"w":-0.8313941359519959},"size":4.945390224456787,"orthographic":false}