{"cameraMode":{"drawMode":0,"name":"Shaded","section":"Shading Mode"},"sceneLighting":false,"audioPlay":false,"sceneViewState":{"m_AlwaysRefresh":false,"showFog":true,"showSkybox":true,"showFlares":true,"showImageEffects":true,"showParticleSystems":true,"showVisualEffectGraphs":true,"m_FxEnabled":true},"in2DMode":false,"pivot":{"x":5.688966751098633,"y":-0.34609293937683108,"z":1.5321670770645142},"rotation":{"x":0.3699711561203003,"y":0.5904468894004822,"z":-0.34841471910476687,"w":0.6269782185554504},"size":3.2588136196136476,"orthographic":false}