{"cameraMode":{"drawMode":0,"name":"Shaded","section":"Shading Mode"},"sceneLighting":true,"audioPlay":false,"sceneViewState":{"m_AlwaysRefresh":false,"showFog":true,"showSkybox":true,"showFlares":true,"showImageEffects":true,"showParticleSystems":true,"showVisualEffectGraphs":true,"m_FxEnabled":true},"in2DMode":false,"pivot":{"x":26.807701110839845,"y":3.051689624786377,"z":10.319382667541504},"rotation":{"x":0.0768849328160286,"y":-0.34469878673553469,"z":0.028009692206978799,"w":0.9353657960891724},"size":13.666727066040039,"orthographic":false}