{"cameraMode":{"drawMode":0,"name":"Shaded","section":"Shading Mode"},"sceneLighting":false,"audioPlay":false,"sceneViewState":{"m_AlwaysRefresh":true,"showFog":true,"showSkybox":true,"showFlares":true,"showImageEffects":true,"showParticleSystems":true,"showVisualEffectGraphs":true,"m_FxEnabled":true},"in2DMode":false,"pivot":{"x":279.41070556640627,"y":53.455657958984378,"z":734.4644775390625},"rotation":{"x":0.0880560651421547,"y":0.02692088857293129,"z":-0.0023754488211125137,"w":0.9957936406135559},"size":844.6724243164063,"orthographic":false}