{"cameraMode":{"drawMode":0,"name":"Shaded","section":"Shading Mode"},"sceneLighting":false,"audioPlay":false,"sceneViewState":{"m_AlwaysRefresh":true,"showFog":true,"showSkybox":true,"showFlares":true,"showImageEffects":true,"showParticleSystems":true,"showVisualEffectGraphs":true,"m_FxEnabled":true},"in2DMode":false,"pivot":{"x":6.844752311706543,"y":2.1286838054656984,"z":0.09985518455505371},"rotation":{"x":0.2553892433643341,"y":0.12260523438453675,"z":-0.032757021486759189,"w":0.9585360884666443},"size":2.5288491249084474,"orthographic":false}