{"cameraMode":{"drawMode":0,"name":"Shaded","section":"Shading Mode"},"sceneLighting":false,"audioPlay":false,"sceneViewState":{"m_AlwaysRefresh":true,"showFog":true,"showSkybox":true,"showFlares":true,"showImageEffects":true,"showParticleSystems":true,"showVisualEffectGraphs":true,"m_FxEnabled":true},"in2DMode":false,"pivot":{"x":5.696682929992676,"y":2.7439093589782717,"z":0.24831628799438477},"rotation":{"x":0.03665962070226669,"y":-0.9569572806358337,"z":0.2522132992744446,"w":0.13907814025878907},"size":1.3711507320404053,"orthographic":false}