{"cameraMode":{"drawMode":0,"name":"Shaded","section":"Shading Mode"},"sceneLighting":false,"audioPlay":false,"sceneViewState":{"m_AlwaysRefresh":false,"showFog":true,"showSkybox":true,"showFlares":true,"showImageEffects":true,"showParticleSystems":true,"showVisualEffectGraphs":true,"m_FxEnabled":true},"in2DMode":false,"pivot":{"x":4.958866119384766,"y":2.897860288619995,"z":-2.9196956157684328},"rotation":{"x":0.22623512148857118,"y":0.17136472463607789,"z":-0.04046657681465149,"w":0.9580280780792236},"size":-0.3638761639595032,"orthographic":false}